peptide,fmol_ug,loq_ug_ml,lod
AGTETAILATK,243.3,0.58998228,1.088845
ATSCGLEEPVSYR,4.2,0.00756048,0.05389826
AVSPPASNMLK,40.5,0.298287036,0.09955443
EGYTGFGLFQMR,74.5,0.22953588,0.7802474
FCETNEYGGNSLR,738.4,0.473952341,0.06887204
FFALLTPTWK,191.4,13.75555532,21.14172
FLLEEPMPFFYLK,1,0.023995944,0.2393354
GAQGAPFACFK,0.6,0.08153508,0.1920522
HILDDIR,90.2,0.035983886,0.1926932
IAESVEMLILGR,8.8,0.43186176,1.463058
ITQEPQGLGYWEAWR,68.5,0.220663224,0.2615057
IVGSTSFPVK,17,0.16425072,0.8150126
LVQELCSLK,14.3,0.043482,0.7105017
MQIICCR,493.7,0.195838254,0.4082781
SEPFCGGSILNK,3.1,0.105937416,0.3960882
SWSEEELQGVLR,155.1,1.040985792,1.106667
TGVPCEACPSNCEDK,867.3,0.11327402,0.4083006
VGALSQLR,21.3,0.025594099,0.188187
VGYPELAEVLGR,2.6,0.09544608,0.2574658
VQPTNVCAGYPVGK,122.1,0.317466198,0.6217112
